{
  "project_info": {
    "project_number": "14629707093",
    "firebase_url": "https://geofencing-7cda1.firebaseio.com",
    "project_id": "geofencing-7cda1",
    "storage_bucket": "geofencing-7cda1.appspot.com"
  },
  "client": [
    {
      "client_info": {
        "mobilesdk_app_id": "1:14629707093:android:7a617de77d7b8f414763dc",
        "android_client_info": {
          "package_name": "com.geofancing"
        }
      },
      "oauth_client": [
        {
          "client_id": "14629707093-l3lap7b3o3sqri5lskq5ndviivv4hhet.apps.googleusercontent.com",
          "client_type": 3
        }
      ],
      "api_key": [
        {
          "current_key": "AIzaSyAbNGj8eq204kreKmkhYwOgSbyxNuKLct0"
        }
      ],
      "services": {
        "appinvite_service": {
          "other_platform_oauth_client": [
            {
              "client_id": "14629707093-l3lap7b3o3sqri5lskq5ndviivv4hhet.apps.googleusercontent.com",
              "client_type": 3
            }
          ]
        }
      }
    }
  ],
  "configuration_version": "1"
}